{
  "cohort": "gse322563",
  "n_probes": 937690,
  "n_samples_used": 4,
  "n0": 2,
  "n1": 2,
  "d": 2.0,
  "s0_sq": 7.231657776215845e-05,
  "d0": 2.0663061509679475,
  "d0_is_infinite": false
}