{
  "cohort": "gse69914",
  "n_probes": 485512,
  "n_samples_used": 355,
  "n0": 50,
  "n1": 305,
  "d": 353.0,
  "s0_sq": 0.001142043957259359,
  "d0": 1.1792554171998388,
  "d0_is_infinite": false
}