{
  "cohort": "gse77348",
  "n_probes": 485577,
  "n_samples_used": 6,
  "n0": 3,
  "n1": 3,
  "d": 4.0,
  "s0_sq": 0.00014101058327796226,
  "d0": 2.7930469607959783,
  "d0_is_infinite": false
}