axis	subset	n_total	auc	tie@20	tie@100	tie@500	tie@1000	P@100_obs	P@100_min	P@100_max	ESR1_rank	EGFLAM_rank	GATA3_rank
limma_t	wg	19787820	0.962014	33	115	57	43	0.0000	0.0000	0.0000	292329	1808008	154649
limma_t	chr5_6_10	2979997	0.960907	33	19	108	77	0.0000	0.0000	0.0000	43634	282970	22874
v25_diff	wg	19787820	0.982143	1493	1493	1493	1493	0.0000	0.0000	0.0000	24935	855023	184710
v25_diff	chr5_6_10	2979997	0.982483	299	299	1	1	0.0000	0.0000	0.0000	3965	124925	28325
