axis	subset	n_total	auc	tie@20	tie@100	tie@500	tie@1000	P@100_obs	P@100_min	P@100_max	ESR1_rank	EGFLAM_rank	GATA3_rank
limma_t	wg	35380431	0.990953	68	39	95	28	0.0000	0.0000	0.0000	19420	213491	727379
limma_t	chr5_6_10	5224082	0.938727	68	39	95	28	0.0000	0.0000	0.0000	19420	213491	727379
v25_diff	wg	35380431	0.997990	421	421	13	1	0.0000	0.0000	0.0000	5746	158502	50096
v25_diff	chr5_6_10	5224082	0.986388	421	421	13	1	0.0000	0.0000	0.0000	5746	158502	50096
