axis	subset	n_total	auc	tie@20	tie@100	tie@500	tie@1000	P@100_obs	P@100_min	P@100_max	ESR1_rank	EGFLAM_rank	GATA3_rank
limma_t	wg	19787820	0.572919	54	57	71	51	0.0000	0.0000	0.0000	2013944	14299636	9039439
limma_t	chr5_6_10	2979997	0.555234	26	68	14	24	0.0000	0.0000	0.0000	317267	2217722	1441206
v25_diff	wg	19787820	0.777828	1	1	4	4	0.0000	0.0000	0.0000	514603	9183566	3490723
v25_diff	chr5_6_10	2979997	0.772704	1	2	1	3	0.0000	0.0000	0.0000	87355	1385784	558887
